{"acc": 0.8260216603824845, "loss": 0.2227249380813138, "_timestamp": 1701519236.1896806, "_runtime": 5.510937690734863, "_step": 7, "_wandb": {"runtime": 4}}